"MY LIST" to you!;https://static.wikia.nocookie.net/love-live/images/7/77/%22MY_LIST%22_to_you%21.ogg/revision/latest?cb=20171114122659
Colorful Dreams! Colorful Smiles!;https://static.wikia.nocookie.net/love-live/images/2/2a/01.Colorful_Dreams%21_Colorful_Smiles%21.ogg/revision/latest?cb=20220420035550
DREAMY COLOR;https://static.wikia.nocookie.net/love-live/images/e/e2/01.DREAMY_COLOR.ogg/revision/latest?cb=20210630060928
Hurray Hurray;https://static.wikia.nocookie.net/love-live/images/4/48/01.Hurray_Hurray.ogg/revision/latest?cb=20210625133506
KU-RU-KU-RU Cruller!;https://static.wikia.nocookie.net/love-live/images/8/89/01.KU-RU-KU-RU_Cruller%21.ogg/revision/latest?cb=20210922043325
Shooting Star Warrior;https://static.wikia.nocookie.net/love-live/images/b/b0/01.Shooting_Star_Warrior.ogg/revision/latest?cb=20210727134458
Well get the next dream!!!;https://static.wikia.nocookie.net/love-live/images/4/4f/01.We%E2%80%98ll_get_the_next_dream%21%21%21.ogg/revision/latest?cb=20210622144915
Eutopia;https://static.wikia.nocookie.net/love-live/images/a/a3/01._Eutopia.ogg/revision/latest?cb=20220621053248
Fantastic Departure!;https://static.wikia.nocookie.net/love-live/images/a/af/01._Fantastic_Departure%21.ogg/revision/latest?cb=20200722192017
LIVE with a smile!;https://static.wikia.nocookie.net/love-live/images/c/ca/01._LIVE_with_a_smile%21.ogg/revision/latest?cb=20211128053544
Oikakeru Yume no Saki de;https://static.wikia.nocookie.net/love-live/images/7/79/01._Oikakeru_Yume_no_Saki_de.ogg/revision/latest?cb=20220810054521
Romance no Naka de;https://static.wikia.nocookie.net/love-live/images/4/48/01._Romance_no_Naka_de.ogg/revision/latest?cb=20220826073406
Saika -saika-;https://static.wikia.nocookie.net/love-live/images/1/13/01._Saika_-saika-.ogg/revision/latest?cb=20210418025249
WE WILL!!;https://static.wikia.nocookie.net/love-live/images/2/21/01._WE_WILL%21%21.ogg/revision/latest?cb=20220802123435
Welcome to Bokura no Sekai;https://static.wikia.nocookie.net/love-live/images/c/c7/01._Welcome_to_Bokura_no_Sekai.ogg/revision/latest?cb=20220816080925
smile smile ship Start!;https://static.wikia.nocookie.net/love-live/images/f/f9/01.smile_smile_ship_Start%21.ogg/revision/latest?cb=20210330132734
ENJOY IT!;https://static.wikia.nocookie.net/love-live/images/c/ca/01_ENJOY_IT%21.ogg/revision/latest?cb=20220510131422
Eternal Light;https://static.wikia.nocookie.net/love-live/images/1/13/01_Eternal_Light.ogg/revision/latest?cb=20220524060255
Fashionista;https://static.wikia.nocookie.net/love-live/images/9/99/01_Fashionista.ogg/revision/latest?cb=20220624113241
Future Parade;https://static.wikia.nocookie.net/love-live/images/0/0e/01_Future_Parade.ogg/revision/latest?cb=20220726023917
Fuwa Fuwa Hour!;https://static.wikia.nocookie.net/love-live/images/6/60/01_Fuwa_Fuwa_Hour%21.ogg/revision/latest?cb=20220726063958
Hajimari wa Kimi no Sora;https://static.wikia.nocookie.net/love-live/images/4/40/01_Hajimari_wa_Kimi_no_Sora.ogg/revision/latest?cb=20210406034424
MONSTER GIRLS;https://static.wikia.nocookie.net/love-live/images/f/f4/01_MONSTER_GIRLS.ogg/revision/latest?cb=20211006101011
Mirai wa Kaze no You ni;https://static.wikia.nocookie.net/love-live/images/9/91/01_Mirai_wa_Kaze_no_You_ni.ogg/revision/latest?cb=20210803040422
START!! True dreams;https://static.wikia.nocookie.net/love-live/images/0/0b/01_START%21%21_True_dreams.ogg/revision/latest?cb=20210720055811
not ALONE not HITORI;https://static.wikia.nocookie.net/love-live/images/0/07/01_not_ALONE_not_HITORI.ogg/revision/latest?cb=20211124124305
Believe Again;https://static.wikia.nocookie.net/love-live/images/9/9a/02.Believe_Again.ogg/revision/latest?cb=20190206015140
Break The System;https://static.wikia.nocookie.net/love-live/images/c/c5/02.Break_The_System.ogg/revision/latest?cb=20211128055355
Deep Sea Cocoon;https://static.wikia.nocookie.net/love-live/images/7/73/02.Deep_Sea_Cocoon.ogg/revision/latest?cb=20210727134513
Lonely Snow Planet;https://static.wikia.nocookie.net/love-live/images/e/e3/02.Lonely_Snow_Planet.ogg/revision/latest?cb=20200818134050
Not Sad;https://static.wikia.nocookie.net/love-live/images/6/6a/02.Not_Sad.ogg/revision/latest?cb=20210713131321
PHOENIX DANCE;https://static.wikia.nocookie.net/love-live/images/a/a8/02.PHOENIX_DANCE.ogg/revision/latest?cb=20210622145009
SUKI for you, DREAM for you!;https://static.wikia.nocookie.net/love-live/images/1/12/02.SUKI_for_you%2C_DREAM_for_you%21.ogg/revision/latest?cb=20210922043405
Twilight;https://static.wikia.nocookie.net/love-live/images/6/60/02.Twilight.ogg/revision/latest?cb=20220420035645
What a Wonderful Dream!!;https://static.wikia.nocookie.net/love-live/images/0/01/02.What_a_Wonderful_Dream%21%21.ogg/revision/latest?cb=20220302040256
EMOTION;https://static.wikia.nocookie.net/love-live/images/9/97/02._EMOTION.ogg/revision/latest?cb=20220621053301
Go!! Restart;https://static.wikia.nocookie.net/love-live/images/2/2a/02._Go%21%21_Restart.ogg/revision/latest?cb=20220817071154
Kokoro no Hane yo Kimi e Tondeke!;https://static.wikia.nocookie.net/love-live/images/7/7b/02._Kokoro_no_Hane_yo_Kimi_e_Tondeke%21.ogg/revision/latest?cb=20210330132921
Mizushibuki no Sign;https://static.wikia.nocookie.net/love-live/images/3/34/02._Mizushibuki_no_Sign.ogg/revision/latest?cb=20220810054614
Star Sengen;https://static.wikia.nocookie.net/love-live/images/8/86/02._Star_Sengen.ogg/revision/latest?cb=20220803053905
4 SEASONS;https://static.wikia.nocookie.net/love-live/images/3/39/02_4_SEASONS.ogg/revision/latest?cb=20220510131531
Aoi Canaria;https://static.wikia.nocookie.net/love-live/images/d/db/02_Aoi_Canaria.ogg/revision/latest?cb=20211006101145
Dakara Bokura wa Narasunda;https://static.wikia.nocookie.net/love-live/images/c/c4/02_Dakara_Bokura_wa_Narasunda.ogg/revision/latest?cb=20210720055835
Dancing Heart La-Pa-Pa-Pa!;https://static.wikia.nocookie.net/love-live/images/5/57/02_Dancing_Heart_La-Pa-Pa-Pa%21.ogg/revision/latest?cb=20210406033829
Koisuru Magic!!;https://static.wikia.nocookie.net/love-live/images/f/f4/02_Koisuru_Magic%21%21.ogg/revision/latest?cb=20220524060457
Kono Machi de Ima Kimi to;https://static.wikia.nocookie.net/love-live/images/6/68/02_Kono_Machi_de_Ima_Kimi_to.ogg/revision/latest?cb=20210803041014
Level Oops! Adventures;https://static.wikia.nocookie.net/love-live/images/2/25/02_Level_Oops%21_Adventures.ogg/revision/latest?cb=20220726031933
Miracle STAY TUNE!;https://static.wikia.nocookie.net/love-live/images/0/0e/02_Miracle_STAY_TUNE%21.ogg/revision/latest?cb=20211124124416
Mizuiro no Sunday;https://static.wikia.nocookie.net/love-live/images/8/8a/03.Mizuiro_no_Sunday.ogg/revision/latest?cb=20220302040308
TO BE YOURSELF;https://static.wikia.nocookie.net/love-live/images/8/8b/03.TO_BE_YOURSELF.ogg/revision/latest?cb=20211128055432
Irozuite Toumei;https://static.wikia.nocookie.net/love-live/images/f/fe/03._Irozuite_Toumei.ogg/revision/latest?cb=20220816104128
Yuragu wa;https://static.wikia.nocookie.net/love-live/images/4/4a/03._Yuragu_wa.ogg/revision/latest?cb=20220816111407
stars we chase;https://static.wikia.nocookie.net/love-live/images/b/b3/03._stars_we_chase.ogg/revision/latest?cb=20220621053314
Dreaming Energy;https://static.wikia.nocookie.net/love-live/images/3/3d/03_Dreaming_Energy.ogg/revision/latest?cb=20210406130354
I'm Still;https://static.wikia.nocookie.net/love-live/images/4/49/03_I%27m_Still%E2%80%A6.ogg/revision/latest?cb=20211006101203
Shooting Voice!!;https://static.wikia.nocookie.net/love-live/images/e/e9/03_Shooting_Voice%21%21.ogg/revision/latest?cb=20211124124529
Watashi no Symphony;https://static.wikia.nocookie.net/love-live/images/2/2b/03_Watashi_no_Symphony.ogg/revision/latest?cb=20210406034146
Eieisa;https://static.wikia.nocookie.net/love-live/images/e/e7/04.Eieisa.ogg/revision/latest?cb=20211128055619
Flyer's High;https://static.wikia.nocookie.net/love-live/images/d/de/04.Flyer%27s_High.ogg/revision/latest?cb=20220302040318
Queendom;https://static.wikia.nocookie.net/love-live/images/1/1f/04_Queendom.ogg/revision/latest?cb=20211006101225
Mitero!;https://static.wikia.nocookie.net/love-live/images/9/9e/05.Mitero%21.ogg/revision/latest?cb=20220302040331
Turn it Up!;https://static.wikia.nocookie.net/love-live/images/d/db/05.Turn_it_Up%21.ogg/revision/latest?cb=20211128055630
Diabolic mulier;https://static.wikia.nocookie.net/love-live/images/c/c7/06.Diabolic_mulier.ogg/revision/latest?cb=20211128055655
Binetsu no Waltz;https://static.wikia.nocookie.net/love-live/images/4/43/07.Binetsu_no_Waltz.ogg/revision/latest?cb=20220302040349
Silent Blaze;https://static.wikia.nocookie.net/love-live/images/2/22/07.Silent_Blaze.ogg/revision/latest?cb=20211128055731
Aozora o Matteru;https://static.wikia.nocookie.net/love-live/images/9/99/08.Aozora_o_Matteru.ogg/revision/latest?cb=20220302040409
Yada!;https://static.wikia.nocookie.net/love-live/images/9/96/08.Yada%21.ogg/revision/latest?cb=20211128055745
Itsu datte for you!;https://static.wikia.nocookie.net/love-live/images/7/74/09.Itsu_datte_for_you%21.ogg/revision/latest?cb=20211128055800
Nameless Love Song;https://static.wikia.nocookie.net/love-live/images/4/47/09.Nameless_Love_Song.ogg/revision/latest?cb=20210727134523
Meimei Tantei Yohane;https://static.wikia.nocookie.net/love-live/images/3/39/09._Meimei_Tantei_Yohane.ogg/revision/latest?cb=20220713022109
First Love Again;https://static.wikia.nocookie.net/love-live/images/e/e9/10.First_Love_Again.ogg/revision/latest?cb=20211128060010
Unison;https://static.wikia.nocookie.net/love-live/images/c/c8/10.Unison.ogg/revision/latest?cb=20220302040418
Concentrate!;https://static.wikia.nocookie.net/love-live/images/7/70/11.Concentrate%21.ogg/revision/latest?cb=20211128060033
Toy Doll;https://static.wikia.nocookie.net/love-live/images/c/c1/12.Toy_Doll.ogg/revision/latest?cb=20211128060100
Ye Mingzhu;https://static.wikia.nocookie.net/love-live/images/8/8b/13.Ye_Mingzhu.ogg/revision/latest?cb=20211128060126
Namidax;https://static.wikia.nocookie.net/love-live/images/3/3e/15_Namida%C3%97.ogg/revision/latest?cb=20211011101959
1STAR;https://static.wikia.nocookie.net/love-live/images/1/10/1STAR.ogg/revision/latest?cb=20211231105904
A-NO-NE-GA-N-BA-RE!;https://static.wikia.nocookie.net/love-live/images/3/31/A-NO-NE-GA-N-BA-RE%21.ogg/revision/latest?cb=20141217132822
A song for You! You? You!!;https://static.wikia.nocookie.net/love-live/images/3/36/A_song_for_You%21_You%3F_You%21%21.ogg/revision/latest?cb=20200324165845
After School NAVIGATORS;https://static.wikia.nocookie.net/love-live/images/3/3f/After_School_NAVIGATORS.ogg/revision/latest?cb=20131215015210
After The Rain;https://static.wikia.nocookie.net/love-live/images/0/0c/After_The_Rain.ogg/revision/latest?cb=20200818134150
Ai Wa Taiyou Ja Nai?;https://static.wikia.nocookie.net/love-live/images/d/de/Ai_Wa_Taiyou_Ja_Nai%3F.ogg/revision/latest?cb=20150201151012
Aion no Uta;https://static.wikia.nocookie.net/love-live/images/5/52/Aion_no_Uta.ogg/revision/latest?cb=20200901152304
Aishiteru Banzai!;https://static.wikia.nocookie.net/love-live/images/9/96/Aishiteru_Banzai%21.ogg/revision/latest?cb=20170426221849
Aki no Anata no Sora Tooku;https://static.wikia.nocookie.net/love-live/images/0/04/Aki_no_Anata_no_Sora_Tooku.ogg/revision/latest?cb=20141122094643
Akogare Ranraran;https://static.wikia.nocookie.net/love-live/images/7/78/Akogare_Ranraran.ogg/revision/latest?cb=20210327192821
Amazing Travel DNA;https://static.wikia.nocookie.net/love-live/images/9/9f/Amazing_Travel_DNA.ogg/revision/latest?cb=20191210144353
Analog Heart;https://static.wikia.nocookie.net/love-live/images/d/d5/Analog_Heart.ogg/revision/latest?cb=20200901170504
Anata no Risou no Heroine;https://static.wikia.nocookie.net/love-live/images/5/5f/Anata_no_Risou_no_Heroine.ogg/revision/latest?cb=20181120145833
Anemone Heart;https://static.wikia.nocookie.net/love-live/images/5/53/Anemone_Heart.ogg/revision/latest?cb=20131219091613
Angelic Angel;https://static.wikia.nocookie.net/love-live/images/a/ab/Angelic_Angel.ogg/revision/latest?cb=20150627165133
Anogoro no wasuremono;https://static.wikia.nocookie.net/love-live/images/1/1a/Anogoro_no_wasuremono.ogg/revision/latest?cb=20180223105658
Aozora Jumping Heart;https://static.wikia.nocookie.net/love-live/images/e/e6/Aozora_Jumping_Heart.ogg/revision/latest?cb=20160716075746
Aqours Pirates Desire;https://static.wikia.nocookie.net/love-live/images/8/84/Aqours_Pirates_Desire.ogg/revision/latest?cb=20200724091157
AqoursHEROES;https://static.wikia.nocookie.net/love-live/images/b/ba/Aqours%E2%98%86HEROES.ogg/revision/latest?cb=20151005155323
Arashi no Naka no Koi dakara;https://static.wikia.nocookie.net/love-live/images/5/5f/Arashi_no_Naka_no_Koi_dakara.ogg/revision/latest?cb=20151025051646
Arifureta Kanashimi no Hate;https://static.wikia.nocookie.net/love-live/images/1/1f/Arifureta_Kanashimi_no_Hate.ogg/revision/latest?cb=20131119110952
Aru Hi... Eien Mitai ni;https://static.wikia.nocookie.net/love-live/images/4/49/Aru_Hi..._Eien_Mitai_ni.ogg/revision/latest?cb=20210601043048
As Time Goes By;https://static.wikia.nocookie.net/love-live/images/5/5a/As_Time_Goes_By.ogg/revision/latest?cb=20150805165726
Audrey;https://static.wikia.nocookie.net/love-live/images/7/70/Audrey.ogg/revision/latest?cb=20191002024457
Awaken the power;https://static.wikia.nocookie.net/love-live/images/6/64/Awaken_the_power.ogg/revision/latest?cb=20171219175616
Awaking Promise;https://static.wikia.nocookie.net/love-live/images/5/5f/Awaking_Promise.ogg/revision/latest?cb=20210112024917
Baby maybe Koi no Button;https://static.wikia.nocookie.net/love-live/images/b/b3/Baby_maybe_Koi_no_Button.ogg/revision/latest?cb=20160725134053
Beat in Angel;https://static.wikia.nocookie.net/love-live/images/b/bb/Beat_in_Angel.ogg/revision/latest?cb=20131221033027
Beautiful Moonlight;https://static.wikia.nocookie.net/love-live/images/c/c2/Beautiful_Moonlight.ogg/revision/latest?cb=20200211181539
Beginner's Sailing;https://static.wikia.nocookie.net/love-live/images/d/dd/Beginner%27s_Sailing.ogg/revision/latest?cb=20180326164817
Believe again;https://static.wikia.nocookie.net/love-live/images/a/a2/Believe_again.ogg/revision/latest?cb=20190206015704
BlueberryTrain;https://static.wikia.nocookie.net/love-live/images/5/5f/Blueberry%E2%99%A5Train.ogg/revision/latest?cb=20131114113009
Bokura no Hashiketta Michi wa...;https://static.wikia.nocookie.net/love-live/images/2/25/Bokura_no_Hashiketta_Michi_wa....ogg/revision/latest?cb=20190124154707
Bokura no LIVE Kimi to no LIFE;https://static.wikia.nocookie.net/love-live/images/7/74/Bokura_no_LIVE_Kimi_to_no_LIFE.ogg/revision/latest?cb=20160725114206
Bokura wa Ima no Naka de;https://static.wikia.nocookie.net/love-live/images/8/81/Bokura_wa_Ima_no_Naka_de.ogg/revision/latest?cb=20200203180937
Bokutachi wa Hitotsu no Hikari;https://static.wikia.nocookie.net/love-live/images/2/25/Bokutachi_wa_Hitotsu_no_Hikari.ogg/revision/latest?cb=20150711132419
Bouken Type A, B, C;https://static.wikia.nocookie.net/love-live/images/f/fa/Bouken_Type_A%2C_B%2C_C%E2%80%BC.ogg/revision/latest?cb=20190727145505
Braveheart Coaster;https://static.wikia.nocookie.net/love-live/images/7/7c/Braveheart_Coaster.ogg/revision/latest?cb=20191203150805
Brightest Melody;https://static.wikia.nocookie.net/love-live/images/3/3f/Brightest_Melody.ogg/revision/latest?cb=20190208211657
Butterfly;https://static.wikia.nocookie.net/love-live/images/6/65/Butterfly.ogg/revision/latest?cb=20201215061616
Bye Bye Shichaeba;https://static.wikia.nocookie.net/love-live/images/d/d3/Bye_Bye_Shichaeba%EF%BC%81%EF%BC%9F.ogg/revision/latest?cb=20211006104309
CHANGELESS;https://static.wikia.nocookie.net/love-live/images/3/35/CHANGELESS.ogg/revision/latest?cb=20191203151329
CHASE!;https://static.wikia.nocookie.net/love-live/images/4/4c/CHASE%21.ogg/revision/latest?cb=20181120145833
COLORFUL VOICE;https://static.wikia.nocookie.net/love-live/images/1/11/COLORFUL_VOICE.ogg/revision/latest?cb=20140509030046
CRASH MIND;https://static.wikia.nocookie.net/love-live/images/3/3a/CRASH_MIND.ogg/revision/latest?cb=20171219175617
CYaZALEAKissDADANDAAAN;https://static.wikia.nocookie.net/love-live/images/8/81/CYaZALEA%E2%98%86Kiss%E2%98%86DADANDAAAN.ogg/revision/latest?cb=20200603092945
CheerDay CheerGirl!;https://static.wikia.nocookie.net/love-live/images/5/5c/CheerDay_CheerGirl%21.ogg/revision/latest?cb=20141225193313
Cheer for you!!;https://static.wikia.nocookie.net/love-live/images/a/a3/Cheer_for_you%21%21.ogg/revision/latest?cb=20200211180816
Cotton Candy Ei-Ei-Oh!;https://static.wikia.nocookie.net/love-live/images/b/bd/Cotton_Candy_Ei-Ei-Oh%21.ogg/revision/latest?cb=20200921201106
Crescendo YuRa;https://static.wikia.nocookie.net/love-live/images/2/24/Crescendo_Yu%E3%83%BBRa.ogg/revision/latest?cb=20220424102242
Cutie Panther;https://static.wikia.nocookie.net/love-live/images/d/dd/Cutie_Panther.ogg/revision/latest?cb=20131205120014
DIVE!;https://static.wikia.nocookie.net/love-live/images/c/c2/DIVE%21.ogg/revision/latest?cb=20201117060023
DROPOUT!?;https://static.wikia.nocookie.net/love-live/images/3/3b/DROPOUT%21%3F.ogg/revision/latest?cb=20171219175618
Daisuki dattara Daijoubu!;https://static.wikia.nocookie.net/love-live/images/e/e4/Daisuki_dattara_Daijoubu%21.ogg/revision/latest?cb=20160730121945
Dance with Minotaurus;https://static.wikia.nocookie.net/love-live/images/2/2f/Dance_with_Minotaurus.ogg/revision/latest?cb=20190924145615
Dancing stars on me!;https://static.wikia.nocookie.net/love-live/images/d/dd/Dancing_stars_on_me%21.ogg/revision/latest?cb=20140608051835
Darling!!;https://static.wikia.nocookie.net/love-live/images/5/56/Darling%21%21.ogg/revision/latest?cb=20131117012835
Datte Datte Aa Mujou;https://static.wikia.nocookie.net/love-live/images/c/cf/Datte_Datte_Aa_Mujou.ogg/revision/latest?cb=20140420135235
Day1;https://static.wikia.nocookie.net/love-live/images/1/15/Day1.ogg/revision/latest?cb=20211028024436
Daydream Warrior;https://static.wikia.nocookie.net/love-live/images/e/e3/Daydream_Warrior.ogg/revision/latest?cb=20161225182929
Dazzling White Town;https://static.wikia.nocookie.net/love-live/images/8/81/Dazzling_White_Town.ogg/revision/latest?cb=20200818133823
Deep Resonance;https://static.wikia.nocookie.net/love-live/images/1/1b/Deep_Resonance.ogg/revision/latest?cb=20190924145555
Departure;https://static.wikia.nocookie.net/love-live/images/4/48/Departure.ogg/revision/latest?cb=20211028022633
Diamond;https://static.wikia.nocookie.net/love-live/images/d/df/Diamond.ogg/revision/latest?cb=20181120145833
Diamond Princess No Yuutsu;https://static.wikia.nocookie.net/love-live/images/3/38/Diamond_Princess_No_Yuutsu.ogg/revision/latest?cb=20141218094607
Doki Pipo  Emotion;https://static.wikia.nocookie.net/love-live/images/a/a4/Doki_Pipo_%E2%98%86_Emotion.ogg/revision/latest?cb=20181120145833
Dokusho no ojikan;https://static.wikia.nocookie.net/love-live/images/a/ac/Dokusho_no_ojikan.ogg/revision/latest?cb=20180223104438
Donna Toki mo Zutto;https://static.wikia.nocookie.net/love-live/images/8/8d/Donna_Toki_mo_Zutto.ogg/revision/latest?cb=20140509030045
Dragon Riders;https://static.wikia.nocookie.net/love-live/images/e/e4/Dragon_Riders.ogg/revision/latest?cb=20210601043335
Dream Land! Dream World!;https://static.wikia.nocookie.net/love-live/images/c/cb/Dream_Land%21_Dream_World%21.ogg/revision/latest?cb=20200211180819
Dream Rainbow;https://static.wikia.nocookie.net/love-live/images/a/ab/Dream_Rainbow.ogg/revision/latest?cb=20211028024454
Dream with You;https://static.wikia.nocookie.net/love-live/images/d/dc/Dream_with_You.ogg/revision/latest?cb=20201117054932
Dreamin' Go! Go!!;https://static.wikia.nocookie.net/love-live/images/2/28/Dreamin%27_Go%21_Go%21%21.ogg/revision/latest?cb=20150114143508
Eien Friends;https://static.wikia.nocookie.net/love-live/images/b/ba/Eien_Friends.ogg/revision/latest?cb=20141108073007
Endless Parade;https://static.wikia.nocookie.net/love-live/images/5/55/Endless_Parade.ogg/revision/latest?cb=20140303124055
Evergreen;https://static.wikia.nocookie.net/love-live/images/0/0d/Evergreen.ogg/revision/latest?cb=20181120145834
Fantastic Departure!;https://static.wikia.nocookie.net/love-live/images/3/35/Fantastic_Departure%21.ogg/revision/latest?cb=20200722222648
Fire Bird;https://static.wikia.nocookie.net/love-live/images/f/f8/Fire_Bird.ogg/revision/latest?cb=20200901165606
Folklore ~Kanki no Uta~;https://static.wikia.nocookie.net/love-live/images/1/19/Folklore_~Kanki_no_Uta~.ogg/revision/latest?cb=20210615205025
Futari Happiness;https://static.wikia.nocookie.net/love-live/images/e/ef/Futari_Happiness.ogg/revision/latest?cb=20141122094920
Future flight;https://static.wikia.nocookie.net/love-live/images/3/33/Future_flight.ogg/revision/latest?cb=20201028115605
Future style;https://static.wikia.nocookie.net/love-live/images/c/cb/Future_style.ogg/revision/latest?cb=20150711132421
Fuyu ga Kureta Yokan;https://static.wikia.nocookie.net/love-live/images/e/e9/Fuyu_ga_Kureta_Yokan.ogg/revision/latest?cb=20141220074232
GALAXY HidE and SeeK;https://static.wikia.nocookie.net/love-live/images/d/d0/GALAXY_HidE_and_SeeK.ogg/revision/latest?cb=20170530033702
GENKI ZENKAI DAYDAYDAY REMIX;https://static.wikia.nocookie.net/love-live/images/4/47/GENKI_ZENKAI_DAYDAYDAY_REMIX.ogg/revision/latest?cb=20210601043525
G Senjou no Cinderella;https://static.wikia.nocookie.net/love-live/images/2/2b/G_Senjou_no_Cinderella.ogg/revision/latest?cb=20170126210329
Garasu no Hanazono;https://static.wikia.nocookie.net/love-live/images/b/b4/Garasu_no_Hanazono.ogg/revision/latest?cb=20131223042656
Genki Zenkai DAY! DAY! DAY!;https://static.wikia.nocookie.net/love-live/images/f/f9/Genki_Zenkai_DAY%21_DAY%21_DAY%21.ogg/revision/latest?cb=20160507143629
Guilty!? Farewell party;https://static.wikia.nocookie.net/love-live/images/1/17/Guilty%21%3F_Farewell_party.ogg/revision/latest?cb=20180621143447
Guilty Eyes Fever;https://static.wikia.nocookie.net/love-live/images/5/5e/Guilty_Eyes_Fever.ogg/revision/latest?cb=20170323073411
Guilty Night, Guilty Kiss!;https://static.wikia.nocookie.net/love-live/images/f/f4/Guilty_Night%2C_Guilty_Kiss%21.ogg/revision/latest?cb=20160604085058
HAPPY PARTY TRAIN;https://static.wikia.nocookie.net/love-live/images/c/cd/HAPPY_PARTY_TRAIN.ogg/revision/latest?cb=20170411064142
HAPPY TO DO WA!;https://static.wikia.nocookie.net/love-live/images/2/27/HAPPY_TO_DO_WA%21.ogg/revision/latest?cb=20220424102522
HEART to HEART!;https://static.wikia.nocookie.net/love-live/images/0/08/HEART_to_HEART%21.ogg/revision/latest?cb=20151025051647
Hajimari Road;https://static.wikia.nocookie.net/love-live/images/4/46/Hajimari_Road.ogg/revision/latest?cb=20181124080820
Hane wa Shitte Shimatta no?;https://static.wikia.nocookie.net/love-live/images/a/ad/Hane_wa_Shitte_Shimatta_no%3F.ogg/revision/latest?cb=20131226020522
Happy Nyan Days;https://static.wikia.nocookie.net/love-live/images/c/ca/Happy_Nyan_Days.ogg/revision/latest?cb=20210430063150
Happy maker!;https://static.wikia.nocookie.net/love-live/images/5/5a/Happy_maker%21.ogg/revision/latest?cb=20140708165338
Hello, Hoshi o Kazoete;https://static.wikia.nocookie.net/love-live/images/5/5c/Hello%2C_Hoshi_o_Kazoete.ogg/revision/latest?cb=20150627165134
Himitsu to Hanazono;https://static.wikia.nocookie.net/love-live/images/5/54/Himitsu_to_Hanazono.ogg/revision/latest?cb=20140103061641
Hop? Stop? Nonstop!;https://static.wikia.nocookie.net/love-live/images/4/4f/Hop%3F_Stop%3F_Nonstop%21.ogg/revision/latest?cb=20190130132123
Hop Step Waai!;https://static.wikia.nocookie.net/love-live/images/e/ee/Hop_Step_Waai%21.ogg/revision/latest?cb=20180630062727
Humming Friend;https://static.wikia.nocookie.net/love-live/images/4/40/Humming_Friend.ogg/revision/latest?cb=20160716075747
I'll Smile for Yours;https://static.wikia.nocookie.net/love-live/images/a/a2/I%27ll_Smile_for_Yours.ogg/revision/latest?cb=20131229053551
I-n-g, I TRY!!;https://static.wikia.nocookie.net/love-live/images/6/6d/I-n-g%2C_I_TRY%21%21.ogg/revision/latest?cb=20190727150339
INNOCENT BIRD;https://static.wikia.nocookie.net/love-live/images/d/d2/INNOCENT_BIRD.ogg/revision/latest?cb=20170530033702
In Spite of You!;https://static.wikia.nocookie.net/love-live/images/1/16/In_Spite_of_You%21.ogg/revision/latest?cb=20131212134905
In this unstable world;https://static.wikia.nocookie.net/love-live/images/6/67/In_this_unstable_world.ogg/revision/latest?cb=20180222083839
Infinity! Our wings!!;https://static.wikia.nocookie.net/love-live/images/f/f7/Infinity%21_Our_wings%21%21.ogg/revision/latest?cb=20220609202617
JIMO-AI Dash!;https://static.wikia.nocookie.net/love-live/images/d/d6/JIMO-AI_Dash%21.ogg/revision/latest?cb=20200825040359
Jimo Ai  Mantan  Summer Life;https://static.wikia.nocookie.net/love-live/images/d/d1/Jimo_Ai_%E2%99%A1_Mantan_%E2%98%86_Summer_Life.ogg/revision/latest?cb=20170801091302
Jingle Bells ga Tomaranai;https://static.wikia.nocookie.net/love-live/images/e/e2/Jingle_Bells_ga_Tomaranai.ogg/revision/latest?cb=20161122062553
Jump up HIGH!!;https://static.wikia.nocookie.net/love-live/images/6/6f/Jump_up_HIGH%21%21.ogg/revision/latest?cb=20190701134350
Junai Lens;https://static.wikia.nocookie.net/love-live/images/8/89/Junai_Lens.ogg/revision/latest?cb=20131112094847
Just Believe!!!;https://static.wikia.nocookie.net/love-live/images/2/2b/Just_Believe%21%21%21.ogg/revision/latest?cb=20200901170505
KOKORO Magic "A to Z";https://static.wikia.nocookie.net/love-live/images/4/45/KOKORO_Magic_%22A_to_Z%22.ogg/revision/latest?cb=20191029145737
Kaguya no Shiro de Odoritai;https://static.wikia.nocookie.net/love-live/images/3/38/Kaguya_no_Shiro_de_Odoritai.ogg/revision/latest?cb=20140210113450
Kaigandoori de Matteru yo;https://static.wikia.nocookie.net/love-live/images/6/68/Kaigandoori_de_Matteru_yo.ogg/revision/latest?cb=20170510002134
Kaika Sengen;https://static.wikia.nocookie.net/love-live/images/7/7d/Kaika_Sengen.ogg/revision/latest?cb=20191002024458
Kakumei desu ne? Kamisama!;https://static.wikia.nocookie.net/love-live/images/6/63/Kakumei_desu_ne%3F_Kamisama%21.ogg/revision/latest?cb=20131225012514
Kakumo Yuubi na Hi to Narite;https://static.wikia.nocookie.net/love-live/images/f/f4/Kakumo_Yuubi_na_Hi_to_Narite.ogg/revision/latest?cb=20131228053007
Kakushiaji!;https://static.wikia.nocookie.net/love-live/images/1/1d/Kakushiaji%21.ogg/revision/latest?cb=20210127023818
Kawaranai Subete;https://static.wikia.nocookie.net/love-live/images/a/af/Kawaranai_Subete.ogg/revision/latest?cb=20220424102222
Ketsui no Hikari;https://static.wikia.nocookie.net/love-live/images/3/32/Ketsui_no_Hikari.ogg/revision/latest?cb=20200901170506
KiRa-KiRa Sensation!;https://static.wikia.nocookie.net/love-live/images/9/92/KiRa-KiRa_Sensation%21.ogg/revision/latest?cb=20140709002512
Kimeta yo Hand in Hand;https://static.wikia.nocookie.net/love-live/images/c/ce/Kimeta_yo_Hand_in_Hand.ogg/revision/latest?cb=20160730121716
Kimi no Hitomi o Meguru Bouken;https://static.wikia.nocookie.net/love-live/images/3/31/Kimi_no_Hitomi_o_Meguru_Bouken.ogg/revision/latest?cb=20171024130552
Kimi no Kokoro wa Kagayaiteru kai?;https://static.wikia.nocookie.net/love-live/images/4/47/Kimi_no_Kokoro_wa_Kagayaiteru_kai%3F.ogg/revision/latest?cb=20151005155325
Kimochi mo Yume mo Issho da ne!;https://static.wikia.nocookie.net/love-live/images/b/b6/Kimochi_mo_Yume_mo_Issho_da_ne%21.ogg/revision/latest?cb=20201210002116
Kinmirai Happy End;https://static.wikia.nocookie.net/love-live/images/f/f3/Kinmirai_Happy_End.ogg/revision/latest?cb=20170509053223
Kiseki Hikaru;https://static.wikia.nocookie.net/love-live/images/e/e8/Kiseki_Hikaru.ogg/revision/latest?cb=20180701114045
Kitto Seishun ga Kikoeru;https://static.wikia.nocookie.net/love-live/images/9/9f/Kitto_Seishun_ga_Kikoeru.ogg/revision/latest?cb=20140209115439
Kodoku Na Heaven;https://static.wikia.nocookie.net/love-live/images/c/c1/Kodoku_Na_Heaven.ogg/revision/latest?cb=20171214123101
Kodoku Teleport;https://static.wikia.nocookie.net/love-live/images/2/28/Kodoku_Teleport.ogg/revision/latest?cb=20191203151600
Kodoku no Kairou;https://static.wikia.nocookie.net/love-live/images/3/31/Kodoku_no_Kairou.ogg/revision/latest?cb=20140105051256
Koe Tsunagou yo;https://static.wikia.nocookie.net/love-live/images/2/25/Koe_Tsunagou_yo.ogg/revision/latest?cb=20191002024459
Koi ni Naritai AQUARIUM;https://static.wikia.nocookie.net/love-live/images/b/b1/Koi_ni_Naritai_AQUARIUM.ogg/revision/latest?cb=20160424113600
Koi no Shigunaru Rin Rin Rin!;https://static.wikia.nocookie.net/love-live/images/0/03/Koi_no_Shigunaru_Rin_Rin_Rin%21.ogg/revision/latest?cb=20141217135312
Koko de Matteru yo;https://static.wikia.nocookie.net/love-live/images/7/75/Koko_de_Matteru_yo.ogg/revision/latest?cb=20131230035537
Kokoro Kirarara;https://static.wikia.nocookie.net/love-live/images/b/bc/Kokoro_Kirarara.ogg/revision/latest?cb=20211006104004
Kokuhaku Biyori, desu!;https://static.wikia.nocookie.net/love-live/images/e/e0/Kokuhaku_Biyori%2C_desu%21.ogg/revision/latest?cb=20131113060201
Korekara;https://static.wikia.nocookie.net/love-live/images/5/5e/Korekara.ogg/revision/latest?cb=20151214083239
Korekara no Someday;https://static.wikia.nocookie.net/love-live/images/5/50/Korekara_no_Someday.ogg/revision/latest?cb=20140214120318
Kowareyasuki;https://static.wikia.nocookie.net/love-live/images/d/d1/Kowareyasuki.ogg/revision/latest?cb=20170619235432
Kururin MIRACLE;https://static.wikia.nocookie.net/love-live/images/c/ca/Kururin_MIRACLE.ogg/revision/latest?cb=20140826145305
Kuuchuu Ren'ai Ron;https://static.wikia.nocookie.net/love-live/images/f/f2/Kuuchuu_Ren%27ai_Ron.ogg/revision/latest?cb=20191210144643
LIKE ITLOVE IT;https://static.wikia.nocookie.net/love-live/images/b/b7/LIKE_IT%EF%BC%81LOVE_IT%EF%BC%81.ogg/revision/latest?cb=20200901165608
LONELIEST BABY;https://static.wikia.nocookie.net/love-live/images/a/a2/LONELIEST_BABY.ogg/revision/latest?cb=20131224034833
LONELY TUNING;https://static.wikia.nocookie.net/love-live/images/8/8e/LONELY_TUNING.ogg/revision/latest?cb=20170323071736
LOVELESS WORLD;https://static.wikia.nocookie.net/love-live/images/3/3b/LOVELESS_WORLD.ogg/revision/latest?cb=20131216114620
La Bella Patria;https://static.wikia.nocookie.net/love-live/images/0/09/La_Bella_Patria.ogg/revision/latest?cb=20201201060028
Landing action Yeah!!;https://static.wikia.nocookie.net/love-live/images/4/42/Landing_action_Yeah%21%21.ogg/revision/latest?cb=20170629051820
Listen To My Heart!!;https://static.wikia.nocookie.net/love-live/images/7/7b/Listen_To_My_Heart%21%21.ogg/revision/latest?cb=20131214030247
Love Novels;https://static.wikia.nocookie.net/love-live/images/f/fd/Love_Novels.ogg/revision/latest?cb=20141218094941
Love Pulsar;https://static.wikia.nocookie.net/love-live/images/9/9d/Love_Pulsar.ogg/revision/latest?cb=20191126144316
Love Triangle;https://static.wikia.nocookie.net/love-live/images/3/30/Love_Triangle.ogg/revision/latest?cb=20200211175932
Love U my friends;https://static.wikia.nocookie.net/love-live/images/4/4b/Love_U_my_friends.ogg/revision/latest?cb=20191002024500
Love is all, I sing love is all!;https://static.wikia.nocookie.net/love-live/images/c/c5/Love_is_all%2C_I_sing_love_is_all%21.ogg/revision/latest?cb=20220621230315
Love marginal;https://static.wikia.nocookie.net/love-live/images/0/05/Love_marginal.ogg/revision/latest?cb=20141218095345
Love wing bell;https://static.wikia.nocookie.net/love-live/images/9/96/Love_wing_bell.ogg/revision/latest?cb=20140611093916
MELODY;https://static.wikia.nocookie.net/love-live/images/f/fe/MELODY.ogg/revision/latest?cb=20191002025154
MIRACLE WAVE;https://static.wikia.nocookie.net/love-live/images/f/fc/MIRACLE_WAVE.ogg/revision/latest?cb=20171128170611
MIRAI TICKET;https://static.wikia.nocookie.net/love-live/images/a/aa/MIRAI_TICKET.ogg/revision/latest?cb=20161108054255
MOMENT RING;https://static.wikia.nocookie.net/love-live/images/4/47/MOMENT_RING.ogg/revision/latest?cb=20160227102846
MOTTO-ZUTTO be with you;https://static.wikia.nocookie.net/love-live/images/b/b8/MOTTO-ZUTTO_be_with_you.ogg/revision/latest?cb=20220112121102
MUSEUM de Dou Shitai?;https://static.wikia.nocookie.net/love-live/images/9/9c/MUSEUM_de_Dou_Shitai%3F.ogg/revision/latest?cb=20150523101325
MY MaiTONIGHT;https://static.wikia.nocookie.net/love-live/images/1/15/MY_Mai%E2%98%86TONIGHT.ogg/revision/latest?cb=20171128170257
Mahoutsukai Hajimemashita!;https://static.wikia.nocookie.net/love-live/images/a/a3/Mahoutsukai_Hajimemashita%21.ogg/revision/latest?cb=20131111092626
Make-up session ABC;https://static.wikia.nocookie.net/love-live/images/6/6e/Make-up_session_ABC.ogg/revision/latest?cb=20210226041103
Manatsu wa Dare no Mono?;https://static.wikia.nocookie.net/love-live/images/0/07/Manatsu_wa_Dare_no_Mono%3F.ogg/revision/latest?cb=20170801091303
Margaret;https://static.wikia.nocookie.net/love-live/images/4/4c/Margaret.ogg/revision/latest?cb=20200901165609
Marine Border Parasol;https://static.wikia.nocookie.net/love-live/images/3/3a/Marine_Border_Parasol.ogg/revision/latest?cb=20181124072238
Matataki no Saki e;https://static.wikia.nocookie.net/love-live/images/e/e6/Matataki_no_Saki_e.ogg/revision/latest?cb=20211006104624
Mattete Ai no Uta;https://static.wikia.nocookie.net/love-live/images/5/5d/Mattete_Ai_no_Uta.ogg/revision/latest?cb=20160424113601
Maze Sekai;https://static.wikia.nocookie.net/love-live/images/8/85/Maze_Sekai.ogg/revision/latest?cb=20191210144942
Maze Town;https://static.wikia.nocookie.net/love-live/images/d/d1/Maze_Town.ogg/revision/latest?cb=20210615205136
Meccha Going!!;https://static.wikia.nocookie.net/love-live/images/6/6f/Meccha_Going%21%21.ogg/revision/latest?cb=20181120145834
Mermaid Festa Vol. 2 ~Passionate~;https://static.wikia.nocookie.net/love-live/images/e/e3/Mermaid_Festa_Vol._2_~Passionate~.ogg/revision/latest?cb=20160225072102
Mermaid festa vol.1;https://static.wikia.nocookie.net/love-live/images/0/0a/Mermaid_festa_vol.1.ogg/revision/latest?cb=20140202030337
Mi wa 'sic no Mi;https://static.wikia.nocookie.net/love-live/images/8/89/Mi_wa_%C2%B5%27sic_no_Mi.ogg/revision/latest?cb=20150418065238
Mijuku DREAMER;https://static.wikia.nocookie.net/love-live/images/b/b7/Mijuku_DREAMER.ogg/revision/latest?cb=20160910110111
Mirai Harmony;https://static.wikia.nocookie.net/love-live/images/9/95/Mirai_Harmony.ogg/revision/latest?cb=20200728154157
Mirai no Bokura wa Shitteru yo;https://static.wikia.nocookie.net/love-live/images/9/9f/Mirai_no_Bokura_wa_Shitteru_yo.ogg/revision/latest?cb=20171024130644
Misty Frosty Love;https://static.wikia.nocookie.net/love-live/images/3/34/Misty_Frosty_Love.ogg/revision/latest?cb=20201208162529
Mitaiken HORIZON;https://static.wikia.nocookie.net/love-live/images/3/32/Mitaiken_HORIZON.ogg/revision/latest?cb=20190924145046
Mogyutto "love" de Sekkin Chuu!;https://static.wikia.nocookie.net/love-live/images/4/4b/Mogyutto_%22love%22_de_Sekkin_Chuu%21.ogg/revision/latest?cb=20210618141616
Moshimo Kara Kitto;https://static.wikia.nocookie.net/love-live/images/c/c4/Moshimo_Kara_Kitto.ogg/revision/latest?cb=20141025192101
Motto ne!;https://static.wikia.nocookie.net/love-live/images/c/c0/Motto_ne%21.ogg/revision/latest?cb=20210327192914
Mou Hitori Ja Nai Yo;https://static.wikia.nocookie.net/love-live/images/e/ee/Mou_Hitori_Ja_Nai_Yo.ogg/revision/latest?cb=20150201151303
Music S.T.A.R.T!!;https://static.wikia.nocookie.net/love-live/images/6/62/Music_S.T.A.R.T%21%21.ogg/revision/latest?cb=20131217092442
Muteki-kyuu*Believer;https://static.wikia.nocookie.net/love-live/images/4/49/Muteki-kyuu%2ABeliever.ogg/revision/latest?cb=20200728153827
My Own Fairy-Tale;https://static.wikia.nocookie.net/love-live/images/a/a1/My_Own_Fairy-Tale.ogg/revision/latest?cb=20191002024502
Mystery From Slight Fever;https://static.wikia.nocookie.net/love-live/images/5/56/Mystery_From_Slight_Fever.ogg/revision/latest?cb=20131209104734
Mrchen Star;https://static.wikia.nocookie.net/love-live/images/a/a8/M%C3%A4rchen_Star.ogg/revision/latest?cb=20200901165610
NEO SKY, NEO MAP!;https://static.wikia.nocookie.net/love-live/images/1/14/NEO_SKY%2C_NEO_MAP%21.ogg/revision/latest?cb=20201104044349
NEURON,NEURON!!;https://static.wikia.nocookie.net/love-live/images/b/b4/NEURON%2CNEURON%21%21.ogg/revision/latest?cb=20140101033906
NO EXIT ORION;https://static.wikia.nocookie.net/love-live/images/7/76/NO_EXIT_ORION.ogg/revision/latest?cb=20151121184605
Namida ga Yuki ni Naru Mae ni;https://static.wikia.nocookie.net/love-live/images/b/b1/Namida_ga_Yuki_ni_Naru_Mae_ni.ogg/revision/latest?cb=20201210003257
Namioto Refrain;https://static.wikia.nocookie.net/love-live/images/0/0d/Namioto_Refrain.ogg/revision/latest?cb=20220801130901
Nando Datte Yakusoku!;https://static.wikia.nocookie.net/love-live/images/1/1d/Nando_Datte_Yakusoku%21.ogg/revision/latest?cb=20220420053428
Natsu, Owaranai De.;https://static.wikia.nocookie.net/love-live/images/8/8f/Natsu%2C_Owaranai_De..ogg/revision/latest?cb=20131206114149
Natsu e no Tobira Never end ver.;https://static.wikia.nocookie.net/love-live/images/2/24/Natsu_e_no_Tobira_Never_end_ver..ogg/revision/latest?cb=20170801091303
Natsu no Owari no Amaoto ga;https://static.wikia.nocookie.net/love-live/images/4/40/Natsu_no_Owari_no_Amaoto_ga.ogg/revision/latest?cb=20170801091304
Natsuiro Egao de 1,2,Jump!;https://static.wikia.nocookie.net/love-live/images/d/dc/Natsuiro_Egao_de_1%2C2%2CJump%21.ogg/revision/latest?cb=20140201031833
Natte shimatta!;https://static.wikia.nocookie.net/love-live/images/9/9c/Natte_shimatta%21.ogg/revision/latest?cb=20200324171147
Nawatobi;https://static.wikia.nocookie.net/love-live/images/0/0f/Nawatobi.ogg/revision/latest?cb=20131220001011
Nemureru Mori ni Ikitai na;https://static.wikia.nocookie.net/love-live/images/7/74/Nemureru_Mori_ni_Ikitai_na.ogg/revision/latest?cb=20181120145834
Never giving up!;https://static.wikia.nocookie.net/love-live/images/3/3f/Never_giving_up%21.ogg/revision/latest?cb=20200801193534
New Romantic Sailors;https://static.wikia.nocookie.net/love-live/images/2/2f/New_Romantic_Sailors.ogg/revision/latest?cb=20191128181357
New winding road;https://static.wikia.nocookie.net/love-live/images/e/ee/New_winding_road.ogg/revision/latest?cb=20180525110618
Next SPARKLING!!;https://static.wikia.nocookie.net/love-live/images/5/5f/Next_SPARKLING%21%21.ogg/revision/latest?cb=20190124155634
Nightingale Love Song;https://static.wikia.nocookie.net/love-live/images/c/ca/Nightingale_Love_Song.ogg/revision/latest?cb=20141108074838
Nijiiro Passions!;https://static.wikia.nocookie.net/love-live/images/c/ca/Nijiiro_Passions%21.ogg/revision/latest?cb=20201020131833
Niko puriJoshi dou;https://static.wikia.nocookie.net/love-live/images/5/5b/Niko_puri%E2%99%A5Joshi_dou.ogg/revision/latest?cb=20131222031234
No.10;https://static.wikia.nocookie.net/love-live/images/9/9b/No.10.ogg/revision/latest?cb=20180731080723
No brand girls;https://static.wikia.nocookie.net/love-live/images/1/13/No_brand_girls.ogg/revision/latest?cb=20140217100425
Nonfiction!!;https://static.wikia.nocookie.net/love-live/images/e/e6/Nonfiction%21%21.ogg/revision/latest?cb=20211028023921
OKAWARI Happy life!;https://static.wikia.nocookie.net/love-live/images/b/ba/OKAWARI_Happy_life%21.ogg/revision/latest?cb=20210731160833
Oh! Ready Steady Positive;https://static.wikia.nocookie.net/love-live/images/2/21/Oh%21_Ready_Steady_Positive.ogg/revision/latest?cb=20211108023653
Oh,Love&Peace!;https://static.wikia.nocookie.net/love-live/images/9/9f/Oh%2CLove%26Peace%21.ogg/revision/latest?cb=20140206124108
Omoi yo Hitotsu ni Nare;https://static.wikia.nocookie.net/love-live/images/a/a0/Omoi_yo_Hitotsu_ni_Nare.ogg/revision/latest?cb=20161108054254
Omoide Ijou ni Naritakute;https://static.wikia.nocookie.net/love-live/images/1/10/Omoide_Ijou_ni_Naritakute.ogg/revision/latest?cb=20151220082312
Onaji Hoshi ga Mitai;https://static.wikia.nocookie.net/love-live/images/9/9f/Onaji_Hoshi_ga_Mitai.ogg/revision/latest?cb=20141225192911
One More Sunshine Story;https://static.wikia.nocookie.net/love-live/images/0/07/One_More_Sunshine_Story.ogg/revision/latest?cb=20171220184930
Otohime Heart de Love Kyuuden;https://static.wikia.nocookie.net/love-live/images/6/66/Otohime_Heart_de_Love_Kyuuden.ogg/revision/latest?cb=20150523101133
Otome Shiki Ren'ai Juku;https://static.wikia.nocookie.net/love-live/images/8/81/Otome_Shiki_Ren%27ai_Juku.ogg/revision/latest?cb=20131110003841
Over The Next Rainbow;https://static.wikia.nocookie.net/love-live/images/a/ad/Over_The_Next_Rainbow.ogg/revision/latest?cb=20190206020020
Oyasuminasan!;https://static.wikia.nocookie.net/love-live/images/8/8d/Oyasuminasan%21.ogg/revision/latest?cb=20180129112810
P.S. no Mukougawa;https://static.wikia.nocookie.net/love-live/images/3/38/P.S._no_Mukougawa.ogg/revision/latest?cb=20170323071029
POWER SPOT!!;https://static.wikia.nocookie.net/love-live/images/3/35/POWER_SPOT%21%21.ogg/revision/latest?cb=20201223135755
PSYCHIC FIRE;https://static.wikia.nocookie.net/love-live/images/d/d9/PSYCHIC_FIRE.ogg/revision/latest?cb=20160116204423
PURE PHRASE;https://static.wikia.nocookie.net/love-live/images/4/42/PURE_PHRASE.ogg/revision/latest?cb=20200919055128
Paradise Chime;https://static.wikia.nocookie.net/love-live/images/e/e9/Paradise_Chime.ogg/revision/latest?cb=20220420045816
Paradise Live;https://static.wikia.nocookie.net/love-live/images/2/29/Paradise_Live.ogg/revision/latest?cb=20140129132228
Party! Party! PaPaPaParty!;https://static.wikia.nocookie.net/love-live/images/3/3c/Party%21_Party%21_PaPaPaParty%21.ogg/revision/latest?cb=20201210000316
Perfect SEKAI;https://static.wikia.nocookie.net/love-live/images/8/87/Perfect_SEKAI.ogg/revision/latest?cb=20201228074115
Phantom Rocket Adventure;https://static.wikia.nocookie.net/love-live/images/6/68/Phantom_Rocket_Adventure.ogg/revision/latest?cb=20191126144704
Pianoforte Monologue;https://static.wikia.nocookie.net/love-live/images/5/59/Pianoforte_Monologue.ogg/revision/latest?cb=20180222083850
Poker face & Onegai! Fairy;https://static.wikia.nocookie.net/love-live/images/3/32/Poker_face_%26_Onegai%21_Fairy.ogg/revision/latest?cb=20220609202700
Poppin' Up!;https://static.wikia.nocookie.net/love-live/images/2/27/Poppin%27_Up%21.ogg/revision/latest?cb=20201117055408
Pops heart de Odorun damon!;https://static.wikia.nocookie.net/love-live/images/a/af/Pops_heart_de_Odorun_damon%21.ogg/revision/latest?cb=20160924232331
Private Wars;https://static.wikia.nocookie.net/love-live/images/e/e9/Private_Wars.ogg/revision/latest?cb=20140301120002
Pure girls project;https://static.wikia.nocookie.net/love-live/images/e/e4/Pure_girls_project.ogg/revision/latest?cb=20131126101125
Puwa Puwa-O!;https://static.wikia.nocookie.net/love-live/images/a/a7/Puwa_Puwa-O%21.ogg/revision/latest?cb=20131130010042
RED GEM WINK;https://static.wikia.nocookie.net/love-live/images/6/6e/RED_GEM_WINK.ogg/revision/latest?cb=20180424133304
RUN KAKERU RUN;https://static.wikia.nocookie.net/love-live/images/3/3f/RUN_KAKERU_RUN.ogg/revision/latest?cb=20220209230109
Reverb;https://static.wikia.nocookie.net/love-live/images/5/56/Reverb.ogg/revision/latest?cb=20220225135126
Ruteshi Kisuki Shiteru;https://static.wikia.nocookie.net/love-live/images/f/ff/Ruteshi_Kisuki_Shiteru.ogg/revision/latest?cb=20140927182547
Ryouran! Victory Road;https://static.wikia.nocookie.net/love-live/images/2/24/Ryouran%21_Victory_Road.ogg/revision/latest?cb=20220426154903
SELF CONTROL!!;https://static.wikia.nocookie.net/love-live/images/f/f8/SELF_CONTROL%21%21.ogg/revision/latest?cb=20161129080308
SENTIMENTAL StepS;https://static.wikia.nocookie.net/love-live/images/c/c3/SENTIMENTAL_StepS.ogg/revision/latest?cb=20140528052520
SKY JOURNEY;https://static.wikia.nocookie.net/love-live/images/6/6f/SKY_JOURNEY.ogg/revision/latest?cb=20170411064315
SUNNY DAY SONG;https://static.wikia.nocookie.net/love-live/images/8/82/SUNNY_DAY_SONG.ogg/revision/latest?cb=20150704191458
SUPER NOVA;https://static.wikia.nocookie.net/love-live/images/c/c8/SUPER_NOVA.ogg/revision/latest?cb=20200211175935
Sagashite! Future;https://static.wikia.nocookie.net/love-live/images/8/80/Sagashite%21_Future.ogg/revision/latest?cb=20220424102016
Saikou Heart;https://static.wikia.nocookie.net/love-live/images/8/8c/Saikou_Heart.ogg/revision/latest?cb=20201201055449
Saitei de Saikou no Paradiso;https://static.wikia.nocookie.net/love-live/images/3/3e/Saitei_de_Saikou_no_Paradiso.ogg/revision/latest?cb=20150523100855
Sakana ka Nanda ka?;https://static.wikia.nocookie.net/love-live/images/2/2d/Sakana_ka_Nanda_ka%3F.ogg/revision/latest?cb=20180525110620
Sakkaku CROSSROADS;https://static.wikia.nocookie.net/love-live/images/6/6a/Sakkaku_CROSSROADS.ogg/revision/latest?cb=20160116204425
Sakura Bye Bye;https://static.wikia.nocookie.net/love-live/images/c/c6/Sakura_Bye_Bye.ogg/revision/latest?cb=20180621142802
Say Good-Bye Namida;https://static.wikia.nocookie.net/love-live/images/6/6a/Say_Good-Bye_Namida.ogg/revision/latest?cb=20200901165612
Sayounara e Sayonara!;https://static.wikia.nocookie.net/love-live/images/5/53/Sayounara_e_Sayonara%21.ogg/revision/latest?cb=20160227102847
Seinaru Hi no Inori;https://static.wikia.nocookie.net/love-live/images/1/18/Seinaru_Hi_no_Inori.ogg/revision/latest?cb=20161122062553
Senkou Resolution;https://static.wikia.nocookie.net/love-live/images/b/b3/Senkou_Resolution.ogg/revision/latest?cb=20131227031416
Shadow gate to love;https://static.wikia.nocookie.net/love-live/images/d/d3/Shadow_gate_to_love.ogg/revision/latest?cb=20170619235433
Shangri-La Shower;https://static.wikia.nocookie.net/love-live/images/8/89/Shangri-La_Shower.ogg/revision/latest?cb=20140927180050
Shiawase Iki no SMILING!;https://static.wikia.nocookie.net/love-live/images/9/9f/Shiawase_Iki_no_SMILING%21.ogg/revision/latest?cb=20140620052929
Shiny Racers;https://static.wikia.nocookie.net/love-live/images/f/f0/Shiny_Racers.ogg/revision/latest?cb=20210612215309
Shiranai Love*Oshiete Love;https://static.wikia.nocookie.net/love-live/images/9/9b/Shiranai_Love%2AOshiete_Love.ogg/revision/latest?cb=20141217132829
Shocking Party;https://static.wikia.nocookie.net/love-live/images/9/92/Shocking_Party.ogg/revision/latest?cb=20140826145304
Shoujo Ijou no Koi ga Shitai;https://static.wikia.nocookie.net/love-live/images/8/8b/Shoujo_Ijou_no_Koi_ga_Shitai.ogg/revision/latest?cb=20170411064326
Shunjou Romantic;https://static.wikia.nocookie.net/love-live/images/e/ed/Shunjou_Romantic.ogg/revision/latest?cb=20151220082313
Silent tonight;https://static.wikia.nocookie.net/love-live/images/b/b6/Silent_tonight.ogg/revision/latest?cb=20141225193821
Sing & Smile!!;https://static.wikia.nocookie.net/love-live/images/4/44/Sing_%26_Smile%21%21.ogg/revision/latest?cb=20200211181542
Snow halation;https://static.wikia.nocookie.net/love-live/images/3/35/Snow_halation.ogg/revision/latest?cb=20140716000646
Soldier Game;https://static.wikia.nocookie.net/love-live/images/6/69/Soldier_Game.ogg/revision/latest?cb=20131116100140
Solitude Rain;https://static.wikia.nocookie.net/love-live/images/4/47/Solitude_Rain.ogg/revision/latest?cb=20201215062006
Someday of My Life;https://static.wikia.nocookie.net/love-live/images/d/d1/Someday_of_My_Life.ogg/revision/latest?cb=20141216125425
Sora mo Kokoro mo Hareru kara;https://static.wikia.nocookie.net/love-live/images/e/eb/Sora_mo_Kokoro_mo_Hareru_kara.ogg/revision/latest?cb=20161025043645
Sore wa Bokutachi no Kiseki;https://static.wikia.nocookie.net/love-live/images/c/cd/Sore_wa_Bokutachi_no_Kiseki.ogg/revision/latest?cb=20140420134318
Soshite Saigo no Page ni wa;https://static.wikia.nocookie.net/love-live/images/b/b2/Soshite_Saigo_no_Page_ni_wa.ogg/revision/latest?cb=20141225074045
Sotsugyou desu ne;https://static.wikia.nocookie.net/love-live/images/9/9b/Sotsugyou_desu_ne.ogg/revision/latest?cb=20200203181129
Spicaterrible;https://static.wikia.nocookie.net/love-live/images/1/1d/Spicaterrible.ogg/revision/latest?cb=20160225072054
Starlight;https://static.wikia.nocookie.net/love-live/images/6/60/Starlight.ogg/revision/latest?cb=20181120145834
Starlight Prologue;https://static.wikia.nocookie.net/love-live/images/7/71/Starlight_Prologue.ogg/revision/latest?cb=20211028024106
Start-Dash!!;https://static.wikia.nocookie.net/love-live/images/4/48/Start-Dash%21%21.ogg/revision/latest?cb=20140212131426
Stella!;https://static.wikia.nocookie.net/love-live/images/9/96/Stella%21.ogg/revision/latest?cb=20220424102500
Step! ZERO to ONE;https://static.wikia.nocookie.net/love-live/images/b/bb/Step%21_ZERO_to_ONE.ogg/revision/latest?cb=20151005155326
Storm in Lover;https://static.wikia.nocookie.net/love-live/images/c/c7/Storm_in_Lover.ogg/revision/latest?cb=20140923150639
Strawberry Trapper;https://static.wikia.nocookie.net/love-live/images/3/3a/Strawberry_Trapper.ogg/revision/latest?cb=20160604084815
Suki desu ga Suki desu ka;https://static.wikia.nocookie.net/love-live/images/e/ea/Suki_desu_ga_Suki_desu_ka.ogg/revision/latest?cb=20141119130819
Sunshine Pikkapika Ondo;https://static.wikia.nocookie.net/love-live/images/e/e3/Sunshine_Pikkapika_Ondo.ogg/revision/latest?cb=20160820172632
Super LOVE=Super LIVE!;https://static.wikia.nocookie.net/love-live/images/d/df/Super_LOVE%3DSuper_LIVE%21.ogg/revision/latest?cb=20160225073926
SusumeTomorrow;https://static.wikia.nocookie.net/love-live/images/e/ea/Susume%E2%86%92Tomorrow.ogg/revision/latest?cb=20141122115605
Sweet&sweet holiday;https://static.wikia.nocookie.net/love-live/images/8/86/Sweet%26sweet_holiday.ogg/revision/latest?cb=20141218095344
Sweet Eyes;https://static.wikia.nocookie.net/love-live/images/a/a8/Sweet_Eyes.ogg/revision/latest?cb=20201020131934
TOKIMEKI Runners;https://static.wikia.nocookie.net/love-live/images/4/4b/TOKIMEKI_Runners.ogg/revision/latest?cb=20181120145835
Taiyou o Oikakero!;https://static.wikia.nocookie.net/love-live/images/4/41/Taiyou_o_Oikakero%21.ogg/revision/latest?cb=20170411064042
Takaramonozu;https://static.wikia.nocookie.net/love-live/images/8/88/Takaramonozu.ogg/revision/latest?cb=20140129133102
Tanoshii no Tensai;https://static.wikia.nocookie.net/love-live/images/d/de/Tanoshii_no_Tensai.ogg/revision/latest?cb=20200901165613
Tatehoko Tsubasa;https://static.wikia.nocookie.net/love-live/images/d/d2/Tatehoko_Tsubasa.ogg/revision/latest?cb=20210712154012
Teletelepathy;https://static.wikia.nocookie.net/love-live/images/b/b6/Teletelepathy.ogg/revision/latest?cb=20191002024503
Thank you, FRIENDS!!;https://static.wikia.nocookie.net/love-live/images/4/4d/Thank_you%2C_FRIENDS%21%21.ogg/revision/latest?cb=20180731080054
ThrillingOne Way;https://static.wikia.nocookie.net/love-live/images/1/1d/Thrilling%E3%83%BBOne_Way.ogg/revision/latest?cb=20170223082639
Todokanai Hoshi da to Shitemo;https://static.wikia.nocookie.net/love-live/images/6/6e/Todokanai_Hoshi_da_to_Shitemo.ogg/revision/latest?cb=20160424113602
Tokimeki Bunruigaku;https://static.wikia.nocookie.net/love-live/images/a/aa/Tokimeki_Bunruigaku.ogg/revision/latest?cb=20160521085423
TokonatsuSunshine;https://static.wikia.nocookie.net/love-live/images/6/6c/Tokonatsu%E2%98%86Sunshine.ogg/revision/latest?cb=20211006104150
Torikoriko PLEASE!!;https://static.wikia.nocookie.net/love-live/images/8/8a/Torikoriko_PLEASE%21%21.ogg/revision/latest?cb=20160521085422
Totsuzen GIRL;https://static.wikia.nocookie.net/love-live/images/1/1e/Totsuzen_GIRL.ogg/revision/latest?cb=20210416200327
Tousou Meisou Mobius Loop;https://static.wikia.nocookie.net/love-live/images/5/5b/Tousou_Meisou_Mobius_Loop.ogg/revision/latest?cb=20190210141916
Trouble Busters;https://static.wikia.nocookie.net/love-live/images/0/03/Trouble_Busters.ogg/revision/latest?cb=20141220074233
Tsunagaru Connect;https://static.wikia.nocookie.net/love-live/images/d/d0/Tsunagaru_Connect.ogg/revision/latest?cb=20201201060443
Tu Tu Tu!;https://static.wikia.nocookie.net/love-live/images/9/9f/Tu_Tu_Tu%21.ogg/revision/latest?cb=20220225024122
Twinkle Town;https://static.wikia.nocookie.net/love-live/images/9/91/Twinkle_Town.ogg/revision/latest?cb=20210525040719
UNBALANCED LOVE;https://static.wikia.nocookie.net/love-live/images/f/f2/UNBALANCED_LOVE.ogg/revision/latest?cb=20131128112731
VIVID WORLD;https://static.wikia.nocookie.net/love-live/images/9/9f/VIVID_WORLD.ogg/revision/latest?cb=20201215062125
WAO-WAO Powerful day!;https://static.wikia.nocookie.net/love-live/images/1/18/WAO-WAO_Powerful_day%21.ogg/revision/latest?cb=20151121184607
WATER BLUE NEW WORLD;https://static.wikia.nocookie.net/love-live/images/9/96/WATER_BLUE_NEW_WORLD.ogg/revision/latest?cb=20180116151616
WHITE FIRST LOVE;https://static.wikia.nocookie.net/love-live/images/a/a3/WHITE_FIRST_LOVE.ogg/revision/latest?cb=20180424133305
WILD STARS;https://static.wikia.nocookie.net/love-live/images/b/ba/WILD_STARS.ogg/revision/latest?cb=20140208055923
WONDERFUL STORIES;https://static.wikia.nocookie.net/love-live/images/1/1f/WONDERFUL_STORIES.ogg/revision/latest?cb=20180116151921
Wake up, Challenger!!;https://static.wikia.nocookie.net/love-live/images/a/ae/Wake_up%2C_Challenger%21%21.ogg/revision/latest?cb=20191029145001
Waku-Waku-Week!;https://static.wikia.nocookie.net/love-live/images/f/f2/Waku-Waku-Week%21.ogg/revision/latest?cb=20161124134429
Watashitachi Wa Mirai No Hana;https://static.wikia.nocookie.net/love-live/images/2/20/Watashitachi_Wa_Mirai_No_Hana.ogg/revision/latest?cb=20131122112727
Whistle of Revolution;https://static.wikia.nocookie.net/love-live/images/1/1c/Whistle_of_Revolution.ogg/revision/latest?cb=20210601043242
Wish;https://static.wikia.nocookie.net/love-live/images/9/9d/Wish.ogg/revision/latest?cb=20191002024504
Wish Song;https://static.wikia.nocookie.net/love-live/images/8/8f/Wish_Song.ogg/revision/latest?cb=20211006104555
Wonder zone;https://static.wikia.nocookie.net/love-live/images/c/cd/Wonder_zone.ogg/revision/latest?cb=20140215033957
Wonderful Rush;https://static.wikia.nocookie.net/love-live/images/0/09/Wonderful_Rush.ogg/revision/latest?cb=20140205115036
Yaa! Kouunryuusui!?;https://static.wikia.nocookie.net/love-live/images/8/8a/Yaa%21_Kouunryuusui%21%3F.ogg/revision/latest?cb=20220303231920
Yagate Hitotsu no Monogatari;https://static.wikia.nocookie.net/love-live/images/6/6b/Yagate_Hitotsu_no_Monogatari.ogg/revision/latest?cb=20200901165614
Yosoku Fukanou Driving!;https://static.wikia.nocookie.net/love-live/images/6/65/Yosoku_Fukanou_Driving%21.ogg/revision/latest?cb=20181124085149
Yozora wa Nandemo Shitteru no?;https://static.wikia.nocookie.net/love-live/images/d/d3/Yozora_wa_Nandemo_Shitteru_no%3F.ogg/revision/latest?cb=20160507143938
Yume + Mirai = MUGENDAI;https://static.wikia.nocookie.net/love-live/images/a/a8/Yume_%2B_Mirai_%3D_MUGENDAI.ogg/revision/latest?cb=20220701030124
Yume Kataru yori Yume Utaou;https://static.wikia.nocookie.net/love-live/images/7/7b/Yume_Kataru_yori_Yume_Utaou.ogg/revision/latest?cb=20160820172633
Yume Naki Yume wa Yumeja nai;https://static.wikia.nocookie.net/love-live/images/b/b4/Yume_Naki_Yume_wa_Yumeja_nai.ogg/revision/latest?cb=20131218003700
Yume de Yozora o Terashitai;https://static.wikia.nocookie.net/love-live/images/c/cb/Yume_de_Yozora_o_Terashitai.ogg/revision/latest?cb=20160910110113
Yume e no Ippo;https://static.wikia.nocookie.net/love-live/images/6/6f/Yume_e_no_Ippo.ogg/revision/latest?cb=20181120145835
Yume ga Bokura no Taiyou sa;https://static.wikia.nocookie.net/love-live/images/0/08/Yume_ga_Bokura_no_Taiyou_sa.ogg/revision/latest?cb=20220426155004
Yume ga Koko Kara Hajimaru yo;https://static.wikia.nocookie.net/love-live/images/d/d3/Yume_ga_Koko_Kara_Hajimaru_yo.ogg/revision/latest?cb=20210112025336
Yume no Tobira;https://static.wikia.nocookie.net/love-live/images/d/d1/Yume_no_Tobira.ogg/revision/latest?cb=20140528052519
YumeONCE AGAIN;https://static.wikia.nocookie.net/love-live/images/5/5f/Yume%E2%98%86ONCE_AGAIN.ogg/revision/latest?cb=20131231050144
Yuu & Ai;https://static.wikia.nocookie.net/love-live/images/a/a3/Yuu_%26_Ai.ogg/revision/latest?cb=20191002024505
Yuujou No Change;https://static.wikia.nocookie.net/love-live/images/5/57/Yuujou_No_Change.ogg/revision/latest?cb=20140716222726
Yuuki no Reason;https://static.wikia.nocookie.net/love-live/images/f/f2/Yuuki_no_Reason.ogg/revision/latest?cb=20131118110141
Yuuki wa doko ni? Kimi no Mune ni!;https://static.wikia.nocookie.net/love-live/images/6/6c/Yuuki_wa_doko_ni%3F_Kimi_no_Mune_ni%21.ogg/revision/latest?cb=20171114122658
Zensoku Dreamer;https://static.wikia.nocookie.net/love-live/images/1/12/Zensoku_Dreamer.ogg/revision/latest?cb=20201104044904
Zurui yo Magnetic today;https://static.wikia.nocookie.net/love-live/images/1/13/Zurui_yo_Magnetic_today.ogg/revision/latest?cb=20140724145745
Wonderland;https://static.wikia.nocookie.net/love-live/images/6/66/%E2%98%86Wonderland%E2%98%86.ogg/revision/latest?cb=20191002024456
HEARTBEAT;https://static.wikia.nocookie.net/love-live/images/d/d6/%EF%BC%9F%E2%86%90HEARTBEAT.ogg/revision/latest?cb=20150704191457